batch,send_order,business_name,city,province,email,phone,website_url,email_source_url,google_place_url,yp_detail_url,campaign_url,subject_1,preview_1,email_1,subject_2,email_2,subject_3,email_3,reply_after_yes
batch-01,1,Bridge City Glass,Saskatoon,SK,bridgecityglass@sasktel.net,+1 306-664-4616,http://bridgecityglass.ca/,http://bridgecityglass.ca/,https://www.google.com/maps/search/?api=1&query=Bridge%20City%20Glass&query_place_id=ChIJNwJ7FfT2BFMRgA6Htkf-wUs,https://www.yellowpages.ca/bus/Saskatchewan/Saskatoon/Bridge-City-Glass/6878788.html?what=auto+glass&where=Saskatoon+SK&useContext=true,https://endvoicemail.ai/for-auto-glass?ref=glass-email-1&lead=1acb5902e523&shop=Bridge+City+Glass&city=Saskatoon,quick auto-glass demo for Bridge City Glass,I built a missed-call demo for windshield shops. Want me to send it?,"Hi Bridge City Glass team,

I’m Hasan, founder of EndVoicemail.ai.

I’m building a simple missed-call backup for auto-glass shops. If someone calls about a windshield, chip repair, insurance job, or mobile service and the shop can’t answer, the AI picks up, asks the useful questions, and sends your team a clean callback summary.

A human still calls the customer back. The AI just keeps the lead from hitting voicemail and disappearing.

We’ve been testing this around auto-glass workflows in Saskatchewan, and the part people liked was simple: missed leads still came through with enough detail for a real callback.

Want me to send a 2-minute live demo for Bridge City Glass?

Just reply “demo” and I’ll send it over.

Hasan
EndVoicemail.ai

PS: If this is not useful, reply STOP and I won’t email again.",what the AI asks windshield callers,"Hi Bridge City Glass team,

Quick follow-up.

The demo is not a video or deck. It actually calls you and walks through the same type of intake your shop would need from a windshield lead:

- repair or replacement
- year / make / model
- chip, crack, or full windshield damage
- ADAS / lane-assist camera
- insurance or cash
- urgency and best callback time

The goal is not to replace your staff. It catches the calls they miss while they’re on another job, helping a customer, or closed for the day.

Want the Bridge City Glass demo link?

Hasan

PS: Reply STOP and I’ll take you off the list.",should I close this out?,"Hi Bridge City Glass team,

Last note from me.

If missed calls are not a real issue at your shop, no worries.

But if even a few windshield or chip repair calls go to voicemail each week, this might be worth seeing. The AI answers, gets the job details, and hands it back to a person for the real follow-up.

I can send the Bridge City Glass live demo link if you want it.

Hasan

PS: Reply STOP and I won’t email again.","Absolutely — here’s the live demo for Bridge City Glass:
https://endvoicemail.ai/for-auto-glass?ref=glass-email-1&lead=1acb5902e523&shop=Bridge+City+Glass&city=Saskatoon

It asks for your phone number, calls you once, and walks through a windshield-lead triage example. No setup needed."
batch-01,2,Showtime Glass Inc.,Saskatoon,SK,info@showtimeglass.com,+1 306-952-3580,https://showtimeglass.com/,https://showtimeglass.com/,https://www.google.com/maps/search/?api=1&query=Showtime%20Glass%20Inc.&query_place_id=ChIJk31gRtj2BFMRBHvREQZHk9U,https://www.yellowpages.ca/bus/Saskatchewan/Saskatoon/Showtime-Glass/100987891.html?what=auto+glass&where=Saskatoon+SK&useContext=true,https://endvoicemail.ai/for-auto-glass?ref=glass-email-1&lead=a03690f75dd2&shop=Showtime+Glass+Inc.&city=Saskatoon,quick auto-glass demo for Showtime Glass Inc.,I built a missed-call demo for windshield shops. Want me to send it?,"Hi Showtime Glass Inc. team,

I’m Hasan, founder of EndVoicemail.ai.

I’m building a simple missed-call backup for auto-glass shops. If someone calls about a windshield, chip repair, insurance job, or mobile service and the shop can’t answer, the AI picks up, asks the useful questions, and sends your team a clean callback summary.

A human still calls the customer back. The AI just keeps the lead from hitting voicemail and disappearing.

We’ve been testing this around auto-glass workflows in Saskatchewan, and the part people liked was simple: missed leads still came through with enough detail for a real callback.

Want me to send a 2-minute live demo for Showtime Glass Inc.?

Just reply “demo” and I’ll send it over.

Hasan
EndVoicemail.ai

PS: If this is not useful, reply STOP and I won’t email again.",what the AI asks windshield callers,"Hi Showtime Glass Inc. team,

Quick follow-up.

The demo is not a video or deck. It actually calls you and walks through the same type of intake your shop would need from a windshield lead:

- repair or replacement
- year / make / model
- chip, crack, or full windshield damage
- ADAS / lane-assist camera
- insurance or cash
- urgency and best callback time

The goal is not to replace your staff. It catches the calls they miss while they’re on another job, helping a customer, or closed for the day.

Want the Showtime Glass Inc. demo link?

Hasan

PS: Reply STOP and I’ll take you off the list.",should I close this out?,"Hi Showtime Glass Inc. team,

Last note from me.

If missed calls are not a real issue at your shop, no worries.

But if even a few windshield or chip repair calls go to voicemail each week, this might be worth seeing. The AI answers, gets the job details, and hands it back to a person for the real follow-up.

I can send the Showtime Glass Inc. live demo link if you want it.

Hasan

PS: Reply STOP and I won’t email again.","Absolutely — here’s the live demo for Showtime Glass Inc.:
https://endvoicemail.ai/for-auto-glass?ref=glass-email-1&lead=a03690f75dd2&shop=Showtime+Glass+Inc.&city=Saskatoon

It asks for your phone number, calls you once, and walks through a windshield-lead triage example. No setup needed."
batch-01,3,Nu Vu Auto Glass,Saskatoon,SK,nuvuautoglass@sasktel.net,+1 306-221-2378,http://www.nuvuautoglass.ca/,http://www.nuvuautoglass.ca/,https://www.google.com/maps/search/?api=1&query=Nu%20Vu%20Auto%20Glass&query_place_id=ChIJ5U7KYlf2BFMR11Eco_Pgw-g,,https://endvoicemail.ai/for-auto-glass?ref=glass-email-1&lead=481fd40f3234&shop=Nu+Vu+Auto+Glass&city=Saskatoon,quick auto-glass demo for Nu Vu Auto Glass,I built a missed-call demo for windshield shops. Want me to send it?,"Hi Nu Vu Auto Glass team,

I’m Hasan, founder of EndVoicemail.ai.

I’m building a simple missed-call backup for auto-glass shops. If someone calls about a windshield, chip repair, insurance job, or mobile service and the shop can’t answer, the AI picks up, asks the useful questions, and sends your team a clean callback summary.

A human still calls the customer back. The AI just keeps the lead from hitting voicemail and disappearing.

We’ve been testing this around auto-glass workflows in Saskatchewan, and the part people liked was simple: missed leads still came through with enough detail for a real callback.

Want me to send a 2-minute live demo for Nu Vu Auto Glass?

Just reply “demo” and I’ll send it over.

Hasan
EndVoicemail.ai

PS: If this is not useful, reply STOP and I won’t email again.",what the AI asks windshield callers,"Hi Nu Vu Auto Glass team,

Quick follow-up.

The demo is not a video or deck. It actually calls you and walks through the same type of intake your shop would need from a windshield lead:

- repair or replacement
- year / make / model
- chip, crack, or full windshield damage
- ADAS / lane-assist camera
- insurance or cash
- urgency and best callback time

The goal is not to replace your staff. It catches the calls they miss while they’re on another job, helping a customer, or closed for the day.

Want the Nu Vu Auto Glass demo link?

Hasan

PS: Reply STOP and I’ll take you off the list.",should I close this out?,"Hi Nu Vu Auto Glass team,

Last note from me.

If missed calls are not a real issue at your shop, no worries.

But if even a few windshield or chip repair calls go to voicemail each week, this might be worth seeing. The AI answers, gets the job details, and hands it back to a person for the real follow-up.

I can send the Nu Vu Auto Glass live demo link if you want it.

Hasan

PS: Reply STOP and I won’t email again.","Absolutely — here’s the live demo for Nu Vu Auto Glass:
https://endvoicemail.ai/for-auto-glass?ref=glass-email-1&lead=481fd40f3234&shop=Nu+Vu+Auto+Glass&city=Saskatoon

It asks for your phone number, calls you once, and walks through a windshield-lead triage example. No setup needed."
batch-01,4,True Blue Windshield Chip Repair Saskatoon Market Mall,Saskatoon,SK,trueblueglasscanada@gmail.com,+1 306-281-4744,http://www.trueblueglass.ca/,http://www.trueblueglass.ca/,https://www.google.com/maps/search/?api=1&query=True%20Blue%20Windshield%20Chip%20Repair%20Saskatoon%20Market%20Mall&query_place_id=ChIJA9iyJ-TxBFMR5gwI7uaxKcE,,https://endvoicemail.ai/for-auto-glass?ref=glass-email-1&lead=02f41c18a2df&shop=True+Blue+Windshield+Chip+Repair+Saskatoon+Market+Mall&city=Saskatoon,quick auto-glass demo for True Blue Windshield Chip Repair Saskatoon Market Mall,I built a missed-call demo for windshield shops. Want me to send it?,"Hi True Blue Windshield Chip Repair Saskatoon Market Mall team,

I’m Hasan, founder of EndVoicemail.ai.

I’m building a simple missed-call backup for auto-glass shops. If someone calls about a windshield, chip repair, insurance job, or mobile service and the shop can’t answer, the AI picks up, asks the useful questions, and sends your team a clean callback summary.

A human still calls the customer back. The AI just keeps the lead from hitting voicemail and disappearing.

We’ve been testing this around auto-glass workflows in Saskatchewan, and the part people liked was simple: missed leads still came through with enough detail for a real callback.

Want me to send a 2-minute live demo for True Blue Windshield Chip Repair Saskatoon Market Mall?

Just reply “demo” and I’ll send it over.

Hasan
EndVoicemail.ai

PS: If this is not useful, reply STOP and I won’t email again.",what the AI asks windshield callers,"Hi True Blue Windshield Chip Repair Saskatoon Market Mall team,

Quick follow-up.

The demo is not a video or deck. It actually calls you and walks through the same type of intake your shop would need from a windshield lead:

- repair or replacement
- year / make / model
- chip, crack, or full windshield damage
- ADAS / lane-assist camera
- insurance or cash
- urgency and best callback time

The goal is not to replace your staff. It catches the calls they miss while they’re on another job, helping a customer, or closed for the day.

Want the True Blue Windshield Chip Repair Saskatoon Market Mall demo link?

Hasan

PS: Reply STOP and I’ll take you off the list.",should I close this out?,"Hi True Blue Windshield Chip Repair Saskatoon Market Mall team,

Last note from me.

If missed calls are not a real issue at your shop, no worries.

But if even a few windshield or chip repair calls go to voicemail each week, this might be worth seeing. The AI answers, gets the job details, and hands it back to a person for the real follow-up.

I can send the True Blue Windshield Chip Repair Saskatoon Market Mall live demo link if you want it.

Hasan

PS: Reply STOP and I won’t email again.","Absolutely — here’s the live demo for True Blue Windshield Chip Repair Saskatoon Market Mall:
https://endvoicemail.ai/for-auto-glass?ref=glass-email-1&lead=02f41c18a2df&shop=True+Blue+Windshield+Chip+Repair+Saskatoon+Market+Mall&city=Saskatoon

It asks for your phone number, calls you once, and walks through a windshield-lead triage example. No setup needed."
batch-01,5,Nats Glass,Saskatoon,SK,natsglasssk@gmail.com,+1 639-480-9599,http://natsglass.ca/,http://natsglass.ca/,https://www.google.com/maps/search/?api=1&query=Nats%20Glass&query_place_id=ChIJhaGh4MXxBFMRijWHl0Zy_hw,,https://endvoicemail.ai/for-auto-glass?ref=glass-email-1&lead=2cab0c917859&shop=Nats+Glass&city=Saskatoon,quick auto-glass demo for Nats Glass,I built a missed-call demo for windshield shops. Want me to send it?,"Hi Nats Glass team,

I’m Hasan, founder of EndVoicemail.ai.

I’m building a simple missed-call backup for auto-glass shops. If someone calls about a windshield, chip repair, insurance job, or mobile service and the shop can’t answer, the AI picks up, asks the useful questions, and sends your team a clean callback summary.

A human still calls the customer back. The AI just keeps the lead from hitting voicemail and disappearing.

We’ve been testing this around auto-glass workflows in Saskatchewan, and the part people liked was simple: missed leads still came through with enough detail for a real callback.

Want me to send a 2-minute live demo for Nats Glass?

Just reply “demo” and I’ll send it over.

Hasan
EndVoicemail.ai

PS: If this is not useful, reply STOP and I won’t email again.",what the AI asks windshield callers,"Hi Nats Glass team,

Quick follow-up.

The demo is not a video or deck. It actually calls you and walks through the same type of intake your shop would need from a windshield lead:

- repair or replacement
- year / make / model
- chip, crack, or full windshield damage
- ADAS / lane-assist camera
- insurance or cash
- urgency and best callback time

The goal is not to replace your staff. It catches the calls they miss while they’re on another job, helping a customer, or closed for the day.

Want the Nats Glass demo link?

Hasan

PS: Reply STOP and I’ll take you off the list.",should I close this out?,"Hi Nats Glass team,

Last note from me.

If missed calls are not a real issue at your shop, no worries.

But if even a few windshield or chip repair calls go to voicemail each week, this might be worth seeing. The AI answers, gets the job details, and hands it back to a person for the real follow-up.

I can send the Nats Glass live demo link if you want it.

Hasan

PS: Reply STOP and I won’t email again.","Absolutely — here’s the live demo for Nats Glass:
https://endvoicemail.ai/for-auto-glass?ref=glass-email-1&lead=2cab0c917859&shop=Nats+Glass&city=Saskatoon

It asks for your phone number, calls you once, and walks through a windshield-lead triage example. No setup needed."
batch-01,6,Windshield Wizard,Saskatoon,SK,contact@windshieldwizard.ca,+1 306-933-2400,http://www.windshieldwizard.ca/,http://www.windshieldwizard.ca/,https://www.google.com/maps/search/?api=1&query=Windshield%20Wizard&query_place_id=ChIJwUAGs2X2BFMR8tavb13XZfU,https://www.yellowpages.ca/bus/Saskatchewan/Saskatoon/Windshield-Wizard/1723003.html?what=auto+glass&where=Saskatoon+SK&useContext=true,https://endvoicemail.ai/for-auto-glass?ref=glass-email-1&lead=3f1647d82ada&shop=Windshield+Wizard&city=Saskatoon,quick auto-glass demo for Windshield Wizard,I built a missed-call demo for windshield shops. Want me to send it?,"Hi Windshield Wizard team,

I’m Hasan, founder of EndVoicemail.ai.

I’m building a simple missed-call backup for auto-glass shops. If someone calls about a windshield, chip repair, insurance job, or mobile service and the shop can’t answer, the AI picks up, asks the useful questions, and sends your team a clean callback summary.

A human still calls the customer back. The AI just keeps the lead from hitting voicemail and disappearing.

We’ve been testing this around auto-glass workflows in Saskatchewan, and the part people liked was simple: missed leads still came through with enough detail for a real callback.

Want me to send a 2-minute live demo for Windshield Wizard?

Just reply “demo” and I’ll send it over.

Hasan
EndVoicemail.ai

PS: If this is not useful, reply STOP and I won’t email again.",what the AI asks windshield callers,"Hi Windshield Wizard team,

Quick follow-up.

The demo is not a video or deck. It actually calls you and walks through the same type of intake your shop would need from a windshield lead:

- repair or replacement
- year / make / model
- chip, crack, or full windshield damage
- ADAS / lane-assist camera
- insurance or cash
- urgency and best callback time

The goal is not to replace your staff. It catches the calls they miss while they’re on another job, helping a customer, or closed for the day.

Want the Windshield Wizard demo link?

Hasan

PS: Reply STOP and I’ll take you off the list.",should I close this out?,"Hi Windshield Wizard team,

Last note from me.

If missed calls are not a real issue at your shop, no worries.

But if even a few windshield or chip repair calls go to voicemail each week, this might be worth seeing. The AI answers, gets the job details, and hands it back to a person for the real follow-up.

I can send the Windshield Wizard live demo link if you want it.

Hasan

PS: Reply STOP and I won’t email again.","Absolutely — here’s the live demo for Windshield Wizard:
https://endvoicemail.ai/for-auto-glass?ref=glass-email-1&lead=3f1647d82ada&shop=Windshield+Wizard&city=Saskatoon

It asks for your phone number, calls you once, and walks through a windshield-lead triage example. No setup needed."
batch-01,7,Mr Windshield,Calgary,AB,info@mr-windshield.com,+1 403-276-7366,http://mr-windshield.com/,http://mr-windshield.com/,https://www.google.com/maps/search/?api=1&query=Mr%20Windshield&query_place_id=ChIJvcgMPwtlcVMRD1VXsgFeLJA,,https://endvoicemail.ai/for-auto-glass?ref=glass-email-1&lead=c3121e43408a&shop=Mr+Windshield&city=Calgary,quick auto-glass demo for Mr Windshield,I built a missed-call demo for windshield shops. Want me to send it?,"Hi Mr Windshield team,

I’m Hasan, founder of EndVoicemail.ai.

I’m building a simple missed-call backup for auto-glass shops. If someone calls about a windshield, chip repair, insurance job, or mobile service and the shop can’t answer, the AI picks up, asks the useful questions, and sends your team a clean callback summary.

A human still calls the customer back. The AI just keeps the lead from hitting voicemail and disappearing.

We’ve been testing this around auto-glass workflows in Saskatchewan, and the part people liked was simple: missed leads still came through with enough detail for a real callback.

Want me to send a 2-minute live demo for Mr Windshield?

Just reply “demo” and I’ll send it over.

Hasan
EndVoicemail.ai

PS: If this is not useful, reply STOP and I won’t email again.",what the AI asks windshield callers,"Hi Mr Windshield team,

Quick follow-up.

The demo is not a video or deck. It actually calls you and walks through the same type of intake your shop would need from a windshield lead:

- repair or replacement
- year / make / model
- chip, crack, or full windshield damage
- ADAS / lane-assist camera
- insurance or cash
- urgency and best callback time

The goal is not to replace your staff. It catches the calls they miss while they’re on another job, helping a customer, or closed for the day.

Want the Mr Windshield demo link?

Hasan

PS: Reply STOP and I’ll take you off the list.",should I close this out?,"Hi Mr Windshield team,

Last note from me.

If missed calls are not a real issue at your shop, no worries.

But if even a few windshield or chip repair calls go to voicemail each week, this might be worth seeing. The AI answers, gets the job details, and hands it back to a person for the real follow-up.

I can send the Mr Windshield live demo link if you want it.

Hasan

PS: Reply STOP and I won’t email again.","Absolutely — here’s the live demo for Mr Windshield:
https://endvoicemail.ai/for-auto-glass?ref=glass-email-1&lead=c3121e43408a&shop=Mr+Windshield&city=Calgary

It asks for your phone number, calls you once, and walks through a windshield-lead triage example. No setup needed."
batch-01,8,Boulevard Auto Glass,Calgary,AB,info@boulevardautoglass.com,+1 587-391-4030,https://boulevardautoglass.com/?utm_source=GMB&utm_medium=organic-local&utm_campaign=GMB,https://boulevardautoglass.com/?utm_source=GMB&utm_medium=organic-local&utm_campaign=GMB,https://www.google.com/maps/search/?api=1&query=Boulevard%20Auto%20Glass&query_place_id=ChIJI7UjzF9xcVMRJRlWfWRfoWg,,https://endvoicemail.ai/for-auto-glass?ref=glass-email-1&lead=5c6181b2d645&shop=Boulevard+Auto+Glass&city=Calgary,quick auto-glass demo for Boulevard Auto Glass,I built a missed-call demo for windshield shops. Want me to send it?,"Hi Boulevard Auto Glass team,

I’m Hasan, founder of EndVoicemail.ai.

I’m building a simple missed-call backup for auto-glass shops. If someone calls about a windshield, chip repair, insurance job, or mobile service and the shop can’t answer, the AI picks up, asks the useful questions, and sends your team a clean callback summary.

A human still calls the customer back. The AI just keeps the lead from hitting voicemail and disappearing.

We’ve been testing this around auto-glass workflows in Saskatchewan, and the part people liked was simple: missed leads still came through with enough detail for a real callback.

Want me to send a 2-minute live demo for Boulevard Auto Glass?

Just reply “demo” and I’ll send it over.

Hasan
EndVoicemail.ai

PS: If this is not useful, reply STOP and I won’t email again.",what the AI asks windshield callers,"Hi Boulevard Auto Glass team,

Quick follow-up.

The demo is not a video or deck. It actually calls you and walks through the same type of intake your shop would need from a windshield lead:

- repair or replacement
- year / make / model
- chip, crack, or full windshield damage
- ADAS / lane-assist camera
- insurance or cash
- urgency and best callback time

The goal is not to replace your staff. It catches the calls they miss while they’re on another job, helping a customer, or closed for the day.

Want the Boulevard Auto Glass demo link?

Hasan

PS: Reply STOP and I’ll take you off the list.",should I close this out?,"Hi Boulevard Auto Glass team,

Last note from me.

If missed calls are not a real issue at your shop, no worries.

But if even a few windshield or chip repair calls go to voicemail each week, this might be worth seeing. The AI answers, gets the job details, and hands it back to a person for the real follow-up.

I can send the Boulevard Auto Glass live demo link if you want it.

Hasan

PS: Reply STOP and I won’t email again.","Absolutely — here’s the live demo for Boulevard Auto Glass:
https://endvoicemail.ai/for-auto-glass?ref=glass-email-1&lead=5c6181b2d645&shop=Boulevard+Auto+Glass&city=Calgary

It asks for your phone number, calls you once, and walks through a windshield-lead triage example. No setup needed."
batch-01,9,VIP Glass,Calgary,AB,info@vipglass.ca,+1 403-285-2000,https://vipglass.ca/,https://vipglass.ca/,https://www.google.com/maps/search/?api=1&query=VIP%20Glass&query_place_id=ChIJVUlmQoBkcVMRTWVLp2oddUI,,https://endvoicemail.ai/for-auto-glass?ref=glass-email-1&lead=807cf06c4639&shop=VIP+Glass&city=Calgary,quick auto-glass demo for VIP Glass,I built a missed-call demo for windshield shops. Want me to send it?,"Hi VIP Glass team,

I’m Hasan, founder of EndVoicemail.ai.

I’m building a simple missed-call backup for auto-glass shops. If someone calls about a windshield, chip repair, insurance job, or mobile service and the shop can’t answer, the AI picks up, asks the useful questions, and sends your team a clean callback summary.

A human still calls the customer back. The AI just keeps the lead from hitting voicemail and disappearing.

We’ve been testing this around auto-glass workflows in Saskatchewan, and the part people liked was simple: missed leads still came through with enough detail for a real callback.

Want me to send a 2-minute live demo for VIP Glass?

Just reply “demo” and I’ll send it over.

Hasan
EndVoicemail.ai

PS: If this is not useful, reply STOP and I won’t email again.",what the AI asks windshield callers,"Hi VIP Glass team,

Quick follow-up.

The demo is not a video or deck. It actually calls you and walks through the same type of intake your shop would need from a windshield lead:

- repair or replacement
- year / make / model
- chip, crack, or full windshield damage
- ADAS / lane-assist camera
- insurance or cash
- urgency and best callback time

The goal is not to replace your staff. It catches the calls they miss while they’re on another job, helping a customer, or closed for the day.

Want the VIP Glass demo link?

Hasan

PS: Reply STOP and I’ll take you off the list.",should I close this out?,"Hi VIP Glass team,

Last note from me.

If missed calls are not a real issue at your shop, no worries.

But if even a few windshield or chip repair calls go to voicemail each week, this might be worth seeing. The AI answers, gets the job details, and hands it back to a person for the real follow-up.

I can send the VIP Glass live demo link if you want it.

Hasan

PS: Reply STOP and I won’t email again.","Absolutely — here’s the live demo for VIP Glass:
https://endvoicemail.ai/for-auto-glass?ref=glass-email-1&lead=807cf06c4639&shop=VIP+Glass&city=Calgary

It asks for your phone number, calls you once, and walks through a windshield-lead triage example. No setup needed."
batch-01,10,Any Crack Windshield Repair,Edmonton,AB,support@anycrack.ca,+1 587-597-7778,http://anycrack.ca/,http://anycrack.ca/,https://www.google.com/maps/search/?api=1&query=Any%20Crack%20Windshield%20Repair&query_place_id=ChIJcX7rVcT1n1MRb307qKAUumY,,https://endvoicemail.ai/for-auto-glass?ref=glass-email-1&lead=e0f70bea117c&shop=Any+Crack+Windshield+Repair&city=Edmonton,quick auto-glass demo for Any Crack Windshield Repair,I built a missed-call demo for windshield shops. Want me to send it?,"Hi Any Crack Windshield Repair team,

I’m Hasan, founder of EndVoicemail.ai.

I’m building a simple missed-call backup for auto-glass shops. If someone calls about a windshield, chip repair, insurance job, or mobile service and the shop can’t answer, the AI picks up, asks the useful questions, and sends your team a clean callback summary.

A human still calls the customer back. The AI just keeps the lead from hitting voicemail and disappearing.

We’ve been testing this around auto-glass workflows in Saskatchewan, and the part people liked was simple: missed leads still came through with enough detail for a real callback.

Want me to send a 2-minute live demo for Any Crack Windshield Repair?

Just reply “demo” and I’ll send it over.

Hasan
EndVoicemail.ai

PS: If this is not useful, reply STOP and I won’t email again.",what the AI asks windshield callers,"Hi Any Crack Windshield Repair team,

Quick follow-up.

The demo is not a video or deck. It actually calls you and walks through the same type of intake your shop would need from a windshield lead:

- repair or replacement
- year / make / model
- chip, crack, or full windshield damage
- ADAS / lane-assist camera
- insurance or cash
- urgency and best callback time

The goal is not to replace your staff. It catches the calls they miss while they’re on another job, helping a customer, or closed for the day.

Want the Any Crack Windshield Repair demo link?

Hasan

PS: Reply STOP and I’ll take you off the list.",should I close this out?,"Hi Any Crack Windshield Repair team,

Last note from me.

If missed calls are not a real issue at your shop, no worries.

But if even a few windshield or chip repair calls go to voicemail each week, this might be worth seeing. The AI answers, gets the job details, and hands it back to a person for the real follow-up.

I can send the Any Crack Windshield Repair live demo link if you want it.

Hasan

PS: Reply STOP and I won’t email again.","Absolutely — here’s the live demo for Any Crack Windshield Repair:
https://endvoicemail.ai/for-auto-glass?ref=glass-email-1&lead=e0f70bea117c&shop=Any+Crack+Windshield+Repair&city=Edmonton

It asks for your phone number, calls you once, and walks through a windshield-lead triage example. No setup needed."
batch-01,11,CalAlta Autoglass North,Calgary,AB,quotes@calaltaglass.com,+1 403-291-7020,http://www.calaltaautoglass.ca/?utm_source=Google&utm_medium=GMB,http://www.calaltaautoglass.ca/?utm_source=Google&utm_medium=GMB,https://www.google.com/maps/search/?api=1&query=CalAlta%20Autoglass%20North&query_place_id=ChIJNc5lEgtlcVMR5tK2lfq4rEw,,https://endvoicemail.ai/for-auto-glass?ref=glass-email-1&lead=62b291afa901&shop=CalAlta+Autoglass+North&city=Calgary,quick auto-glass demo for CalAlta Autoglass North,I built a missed-call demo for windshield shops. Want me to send it?,"Hi CalAlta Autoglass North team,

I’m Hasan, founder of EndVoicemail.ai.

I’m building a simple missed-call backup for auto-glass shops. If someone calls about a windshield, chip repair, insurance job, or mobile service and the shop can’t answer, the AI picks up, asks the useful questions, and sends your team a clean callback summary.

A human still calls the customer back. The AI just keeps the lead from hitting voicemail and disappearing.

We’ve been testing this around auto-glass workflows in Saskatchewan, and the part people liked was simple: missed leads still came through with enough detail for a real callback.

Want me to send a 2-minute live demo for CalAlta Autoglass North?

Just reply “demo” and I’ll send it over.

Hasan
EndVoicemail.ai

PS: If this is not useful, reply STOP and I won’t email again.",what the AI asks windshield callers,"Hi CalAlta Autoglass North team,

Quick follow-up.

The demo is not a video or deck. It actually calls you and walks through the same type of intake your shop would need from a windshield lead:

- repair or replacement
- year / make / model
- chip, crack, or full windshield damage
- ADAS / lane-assist camera
- insurance or cash
- urgency and best callback time

The goal is not to replace your staff. It catches the calls they miss while they’re on another job, helping a customer, or closed for the day.

Want the CalAlta Autoglass North demo link?

Hasan

PS: Reply STOP and I’ll take you off the list.",should I close this out?,"Hi CalAlta Autoglass North team,

Last note from me.

If missed calls are not a real issue at your shop, no worries.

But if even a few windshield or chip repair calls go to voicemail each week, this might be worth seeing. The AI answers, gets the job details, and hands it back to a person for the real follow-up.

I can send the CalAlta Autoglass North live demo link if you want it.

Hasan

PS: Reply STOP and I won’t email again.","Absolutely — here’s the live demo for CalAlta Autoglass North:
https://endvoicemail.ai/for-auto-glass?ref=glass-email-1&lead=62b291afa901&shop=CalAlta+Autoglass+North&city=Calgary

It asks for your phone number, calls you once, and walks through a windshield-lead triage example. No setup needed."
batch-01,12,Stealth Windshield Repair Inc,Calgary,AB,stealth@stealthwindshieldrepairs.com,+1 825-360-0435,http://www.stealthwindshieldrepairs.com/,http://www.stealthwindshieldrepairs.com/,https://www.google.com/maps/search/?api=1&query=Stealth%20Windshield%20Repair%20Inc&query_place_id=ChIJS1_Jy-llcVMRFH97a0RHx1Y,https://www.yellowpages.ca/bus/Alberta/Stealth-Windshield-Repair/104371742.html?what=auto+glass&where=Calgary+AB&useContext=true,https://endvoicemail.ai/for-auto-glass?ref=glass-email-1&lead=5e9b9c1e1f2e&shop=Stealth+Windshield+Repair+Inc&city=Calgary,quick auto-glass demo for Stealth Windshield Repair Inc,I built a missed-call demo for windshield shops. Want me to send it?,"Hi Stealth Windshield Repair Inc team,

I’m Hasan, founder of EndVoicemail.ai.

I’m building a simple missed-call backup for auto-glass shops. If someone calls about a windshield, chip repair, insurance job, or mobile service and the shop can’t answer, the AI picks up, asks the useful questions, and sends your team a clean callback summary.

A human still calls the customer back. The AI just keeps the lead from hitting voicemail and disappearing.

We’ve been testing this around auto-glass workflows in Saskatchewan, and the part people liked was simple: missed leads still came through with enough detail for a real callback.

Want me to send a 2-minute live demo for Stealth Windshield Repair Inc?

Just reply “demo” and I’ll send it over.

Hasan
EndVoicemail.ai

PS: If this is not useful, reply STOP and I won’t email again.",what the AI asks windshield callers,"Hi Stealth Windshield Repair Inc team,

Quick follow-up.

The demo is not a video or deck. It actually calls you and walks through the same type of intake your shop would need from a windshield lead:

- repair or replacement
- year / make / model
- chip, crack, or full windshield damage
- ADAS / lane-assist camera
- insurance or cash
- urgency and best callback time

The goal is not to replace your staff. It catches the calls they miss while they’re on another job, helping a customer, or closed for the day.

Want the Stealth Windshield Repair Inc demo link?

Hasan

PS: Reply STOP and I’ll take you off the list.",should I close this out?,"Hi Stealth Windshield Repair Inc team,

Last note from me.

If missed calls are not a real issue at your shop, no worries.

But if even a few windshield or chip repair calls go to voicemail each week, this might be worth seeing. The AI answers, gets the job details, and hands it back to a person for the real follow-up.

I can send the Stealth Windshield Repair Inc live demo link if you want it.

Hasan

PS: Reply STOP and I won’t email again.","Absolutely — here’s the live demo for Stealth Windshield Repair Inc:
https://endvoicemail.ai/for-auto-glass?ref=glass-email-1&lead=5e9b9c1e1f2e&shop=Stealth+Windshield+Repair+Inc&city=Calgary

It asks for your phone number, calls you once, and walks through a windshield-lead triage example. No setup needed."
batch-01,13,Town Auto Glass LTD,Calgary,AB,townautoglassltd@gmail.com,+1 403-681-0016,https://townautoglass.ca/,https://townautoglass.ca/,https://www.google.com/maps/search/?api=1&query=Town%20Auto%20Glass%20LTD&query_place_id=ChIJzTVbdgBjcVMR7TT4gGfnaS0,,https://endvoicemail.ai/for-auto-glass?ref=glass-email-1&lead=238b75b4d4dd&shop=Town+Auto+Glass+LTD&city=Calgary,quick auto-glass demo for Town Auto Glass LTD,I built a missed-call demo for windshield shops. Want me to send it?,"Hi Town Auto Glass LTD team,

I’m Hasan, founder of EndVoicemail.ai.

I’m building a simple missed-call backup for auto-glass shops. If someone calls about a windshield, chip repair, insurance job, or mobile service and the shop can’t answer, the AI picks up, asks the useful questions, and sends your team a clean callback summary.

A human still calls the customer back. The AI just keeps the lead from hitting voicemail and disappearing.

We’ve been testing this around auto-glass workflows in Saskatchewan, and the part people liked was simple: missed leads still came through with enough detail for a real callback.

Want me to send a 2-minute live demo for Town Auto Glass LTD?

Just reply “demo” and I’ll send it over.

Hasan
EndVoicemail.ai

PS: If this is not useful, reply STOP and I won’t email again.",what the AI asks windshield callers,"Hi Town Auto Glass LTD team,

Quick follow-up.

The demo is not a video or deck. It actually calls you and walks through the same type of intake your shop would need from a windshield lead:

- repair or replacement
- year / make / model
- chip, crack, or full windshield damage
- ADAS / lane-assist camera
- insurance or cash
- urgency and best callback time

The goal is not to replace your staff. It catches the calls they miss while they’re on another job, helping a customer, or closed for the day.

Want the Town Auto Glass LTD demo link?

Hasan

PS: Reply STOP and I’ll take you off the list.",should I close this out?,"Hi Town Auto Glass LTD team,

Last note from me.

If missed calls are not a real issue at your shop, no worries.

But if even a few windshield or chip repair calls go to voicemail each week, this might be worth seeing. The AI answers, gets the job details, and hands it back to a person for the real follow-up.

I can send the Town Auto Glass LTD live demo link if you want it.

Hasan

PS: Reply STOP and I won’t email again.","Absolutely — here’s the live demo for Town Auto Glass LTD:
https://endvoicemail.ai/for-auto-glass?ref=glass-email-1&lead=238b75b4d4dd&shop=Town+Auto+Glass+LTD&city=Calgary

It asks for your phone number, calls you once, and walks through a windshield-lead triage example. No setup needed."
batch-01,14,Quality Auto Glass LTD,Calgary,AB,qualityglass22@yahoo.com,+1 403-354-4422,https://qualityautoglassltd.com/,https://qualityautoglassltd.com/,https://www.google.com/maps/search/?api=1&query=Quality%20Auto%20Glass%20LTD&query_place_id=ChIJjzR0fCtlcVMR-zoD0_MB6rU,,https://endvoicemail.ai/for-auto-glass?ref=glass-email-1&lead=65c22656c4cc&shop=Quality+Auto+Glass+LTD&city=Calgary,quick auto-glass demo for Quality Auto Glass LTD,I built a missed-call demo for windshield shops. Want me to send it?,"Hi Quality Auto Glass LTD team,

I’m Hasan, founder of EndVoicemail.ai.

I’m building a simple missed-call backup for auto-glass shops. If someone calls about a windshield, chip repair, insurance job, or mobile service and the shop can’t answer, the AI picks up, asks the useful questions, and sends your team a clean callback summary.

A human still calls the customer back. The AI just keeps the lead from hitting voicemail and disappearing.

We’ve been testing this around auto-glass workflows in Saskatchewan, and the part people liked was simple: missed leads still came through with enough detail for a real callback.

Want me to send a 2-minute live demo for Quality Auto Glass LTD?

Just reply “demo” and I’ll send it over.

Hasan
EndVoicemail.ai

PS: If this is not useful, reply STOP and I won’t email again.",what the AI asks windshield callers,"Hi Quality Auto Glass LTD team,

Quick follow-up.

The demo is not a video or deck. It actually calls you and walks through the same type of intake your shop would need from a windshield lead:

- repair or replacement
- year / make / model
- chip, crack, or full windshield damage
- ADAS / lane-assist camera
- insurance or cash
- urgency and best callback time

The goal is not to replace your staff. It catches the calls they miss while they’re on another job, helping a customer, or closed for the day.

Want the Quality Auto Glass LTD demo link?

Hasan

PS: Reply STOP and I’ll take you off the list.",should I close this out?,"Hi Quality Auto Glass LTD team,

Last note from me.

If missed calls are not a real issue at your shop, no worries.

But if even a few windshield or chip repair calls go to voicemail each week, this might be worth seeing. The AI answers, gets the job details, and hands it back to a person for the real follow-up.

I can send the Quality Auto Glass LTD live demo link if you want it.

Hasan

PS: Reply STOP and I won’t email again.","Absolutely — here’s the live demo for Quality Auto Glass LTD:
https://endvoicemail.ai/for-auto-glass?ref=glass-email-1&lead=65c22656c4cc&shop=Quality+Auto+Glass+LTD&city=Calgary

It asks for your phone number, calls you once, and walks through a windshield-lead triage example. No setup needed."
batch-01,15,Dominion Auto Glass,Calgary,AB,info@dominionautoglass.ca,+1 403-250-8930,http://www.dominionautoglass.ca/,http://www.dominionautoglass.ca/,https://www.google.com/maps/search/?api=1&query=Dominion%20Auto%20Glass&query_place_id=ChIJOynh_eNkcVMRzTydDwRAlp8,,https://endvoicemail.ai/for-auto-glass?ref=glass-email-1&lead=dd5aa445dd1f&shop=Dominion+Auto+Glass&city=Calgary,quick auto-glass demo for Dominion Auto Glass,I built a missed-call demo for windshield shops. Want me to send it?,"Hi Dominion Auto Glass team,

I’m Hasan, founder of EndVoicemail.ai.

I’m building a simple missed-call backup for auto-glass shops. If someone calls about a windshield, chip repair, insurance job, or mobile service and the shop can’t answer, the AI picks up, asks the useful questions, and sends your team a clean callback summary.

A human still calls the customer back. The AI just keeps the lead from hitting voicemail and disappearing.

We’ve been testing this around auto-glass workflows in Saskatchewan, and the part people liked was simple: missed leads still came through with enough detail for a real callback.

Want me to send a 2-minute live demo for Dominion Auto Glass?

Just reply “demo” and I’ll send it over.

Hasan
EndVoicemail.ai

PS: If this is not useful, reply STOP and I won’t email again.",what the AI asks windshield callers,"Hi Dominion Auto Glass team,

Quick follow-up.

The demo is not a video or deck. It actually calls you and walks through the same type of intake your shop would need from a windshield lead:

- repair or replacement
- year / make / model
- chip, crack, or full windshield damage
- ADAS / lane-assist camera
- insurance or cash
- urgency and best callback time

The goal is not to replace your staff. It catches the calls they miss while they’re on another job, helping a customer, or closed for the day.

Want the Dominion Auto Glass demo link?

Hasan

PS: Reply STOP and I’ll take you off the list.",should I close this out?,"Hi Dominion Auto Glass team,

Last note from me.

If missed calls are not a real issue at your shop, no worries.

But if even a few windshield or chip repair calls go to voicemail each week, this might be worth seeing. The AI answers, gets the job details, and hands it back to a person for the real follow-up.

I can send the Dominion Auto Glass live demo link if you want it.

Hasan

PS: Reply STOP and I won’t email again.","Absolutely — here’s the live demo for Dominion Auto Glass:
https://endvoicemail.ai/for-auto-glass?ref=glass-email-1&lead=dd5aa445dd1f&shop=Dominion+Auto+Glass&city=Calgary

It asks for your phone number, calls you once, and walks through a windshield-lead triage example. No setup needed."
batch-01,16,Super Auto Glass - Windshield Replacement Calgary,Calgary,AB,info@superautoglasscalgary.ca,+1 587-777-1755,https://www.superautoglasscalgary.ca/?utm_campaign=gmb&utm_medium=gmb&utm_source=google,https://www.superautoglasscalgary.ca/?utm_campaign=gmb&utm_medium=gmb&utm_source=google,https://www.google.com/maps/search/?api=1&query=Super%20Auto%20Glass%20-%20Windshield%20Replacement%20Calgary&query_place_id=ChIJRzKebDh3cVMRv1JaumPT_lo,https://www.yellowpages.ca/bus/Alberta/Calgary/Super-Auto-Glass-Ltd/101342684.html?what=auto+glass&where=Calgary+AB&useContext=true,https://endvoicemail.ai/for-auto-glass?ref=glass-email-1&lead=bb62fcae3bf2&shop=Super+Auto+Glass+-+Windshield+Replacement+Calgary&city=Calgary,quick auto-glass demo for Super Auto Glass - Windshield Replacement Calgary,I built a missed-call demo for windshield shops. Want me to send it?,"Hi Super Auto Glass - Windshield Replacement Calgary team,

I’m Hasan, founder of EndVoicemail.ai.

I’m building a simple missed-call backup for auto-glass shops. If someone calls about a windshield, chip repair, insurance job, or mobile service and the shop can’t answer, the AI picks up, asks the useful questions, and sends your team a clean callback summary.

A human still calls the customer back. The AI just keeps the lead from hitting voicemail and disappearing.

We’ve been testing this around auto-glass workflows in Saskatchewan, and the part people liked was simple: missed leads still came through with enough detail for a real callback.

Want me to send a 2-minute live demo for Super Auto Glass - Windshield Replacement Calgary?

Just reply “demo” and I’ll send it over.

Hasan
EndVoicemail.ai

PS: If this is not useful, reply STOP and I won’t email again.",what the AI asks windshield callers,"Hi Super Auto Glass - Windshield Replacement Calgary team,

Quick follow-up.

The demo is not a video or deck. It actually calls you and walks through the same type of intake your shop would need from a windshield lead:

- repair or replacement
- year / make / model
- chip, crack, or full windshield damage
- ADAS / lane-assist camera
- insurance or cash
- urgency and best callback time

The goal is not to replace your staff. It catches the calls they miss while they’re on another job, helping a customer, or closed for the day.

Want the Super Auto Glass - Windshield Replacement Calgary demo link?

Hasan

PS: Reply STOP and I’ll take you off the list.",should I close this out?,"Hi Super Auto Glass - Windshield Replacement Calgary team,

Last note from me.

If missed calls are not a real issue at your shop, no worries.

But if even a few windshield or chip repair calls go to voicemail each week, this might be worth seeing. The AI answers, gets the job details, and hands it back to a person for the real follow-up.

I can send the Super Auto Glass - Windshield Replacement Calgary live demo link if you want it.

Hasan

PS: Reply STOP and I won’t email again.","Absolutely — here’s the live demo for Super Auto Glass - Windshield Replacement Calgary:
https://endvoicemail.ai/for-auto-glass?ref=glass-email-1&lead=bb62fcae3bf2&shop=Super+Auto+Glass+-+Windshield+Replacement+Calgary&city=Calgary

It asks for your phone number, calls you once, and walks through a windshield-lead triage example. No setup needed."
batch-01,17,Easy Auto Glass Inc,Calgary,AB,info@easyautoglass.ca,+1 403-265-0007,https://www.easyautoglass.ca/,https://www.easyautoglass.ca/,https://www.google.com/maps/search/?api=1&query=Easy%20Auto%20Glass%20Inc&query_place_id=ChIJvWGJ0UV3cVMRZ9HU7lssXnU,,https://endvoicemail.ai/for-auto-glass?ref=glass-email-1&lead=5f7099744e1f&shop=Easy+Auto+Glass+Inc&city=Calgary,quick auto-glass demo for Easy Auto Glass Inc,I built a missed-call demo for windshield shops. Want me to send it?,"Hi Easy Auto Glass Inc team,

I’m Hasan, founder of EndVoicemail.ai.

I’m building a simple missed-call backup for auto-glass shops. If someone calls about a windshield, chip repair, insurance job, or mobile service and the shop can’t answer, the AI picks up, asks the useful questions, and sends your team a clean callback summary.

A human still calls the customer back. The AI just keeps the lead from hitting voicemail and disappearing.

We’ve been testing this around auto-glass workflows in Saskatchewan, and the part people liked was simple: missed leads still came through with enough detail for a real callback.

Want me to send a 2-minute live demo for Easy Auto Glass Inc?

Just reply “demo” and I’ll send it over.

Hasan
EndVoicemail.ai

PS: If this is not useful, reply STOP and I won’t email again.",what the AI asks windshield callers,"Hi Easy Auto Glass Inc team,

Quick follow-up.

The demo is not a video or deck. It actually calls you and walks through the same type of intake your shop would need from a windshield lead:

- repair or replacement
- year / make / model
- chip, crack, or full windshield damage
- ADAS / lane-assist camera
- insurance or cash
- urgency and best callback time

The goal is not to replace your staff. It catches the calls they miss while they’re on another job, helping a customer, or closed for the day.

Want the Easy Auto Glass Inc demo link?

Hasan

PS: Reply STOP and I’ll take you off the list.",should I close this out?,"Hi Easy Auto Glass Inc team,

Last note from me.

If missed calls are not a real issue at your shop, no worries.

But if even a few windshield or chip repair calls go to voicemail each week, this might be worth seeing. The AI answers, gets the job details, and hands it back to a person for the real follow-up.

I can send the Easy Auto Glass Inc live demo link if you want it.

Hasan

PS: Reply STOP and I won’t email again.","Absolutely — here’s the live demo for Easy Auto Glass Inc:
https://endvoicemail.ai/for-auto-glass?ref=glass-email-1&lead=5f7099744e1f&shop=Easy+Auto+Glass+Inc&city=Calgary

It asks for your phone number, calls you once, and walks through a windshield-lead triage example. No setup needed."
batch-01,18,Glacier Glass Service Ltd.,Regina,SK,orderdesk@glacierglass.com,+1 306-545-3990,http://www.glacierglass.com/,http://www.glacierglass.com/,https://www.google.com/maps/search/?api=1&query=Glacier%20Glass%20Service%20Ltd.&query_place_id=ChIJsc8mLAEfHFMReKcAZ9gUPn0,,https://endvoicemail.ai/for-auto-glass?ref=glass-email-1&lead=9fcb86664b67&shop=Glacier+Glass+Service+Ltd.&city=Regina,quick auto-glass demo for Glacier Glass Service Ltd.,I built a missed-call demo for windshield shops. Want me to send it?,"Hi Glacier Glass Service Ltd. team,

I’m Hasan, founder of EndVoicemail.ai.

I’m building a simple missed-call backup for auto-glass shops. If someone calls about a windshield, chip repair, insurance job, or mobile service and the shop can’t answer, the AI picks up, asks the useful questions, and sends your team a clean callback summary.

A human still calls the customer back. The AI just keeps the lead from hitting voicemail and disappearing.

We’ve been testing this around auto-glass workflows in Saskatchewan, and the part people liked was simple: missed leads still came through with enough detail for a real callback.

Want me to send a 2-minute live demo for Glacier Glass Service Ltd.?

Just reply “demo” and I’ll send it over.

Hasan
EndVoicemail.ai

PS: If this is not useful, reply STOP and I won’t email again.",what the AI asks windshield callers,"Hi Glacier Glass Service Ltd. team,

Quick follow-up.

The demo is not a video or deck. It actually calls you and walks through the same type of intake your shop would need from a windshield lead:

- repair or replacement
- year / make / model
- chip, crack, or full windshield damage
- ADAS / lane-assist camera
- insurance or cash
- urgency and best callback time

The goal is not to replace your staff. It catches the calls they miss while they’re on another job, helping a customer, or closed for the day.

Want the Glacier Glass Service Ltd. demo link?

Hasan

PS: Reply STOP and I’ll take you off the list.",should I close this out?,"Hi Glacier Glass Service Ltd. team,

Last note from me.

If missed calls are not a real issue at your shop, no worries.

But if even a few windshield or chip repair calls go to voicemail each week, this might be worth seeing. The AI answers, gets the job details, and hands it back to a person for the real follow-up.

I can send the Glacier Glass Service Ltd. live demo link if you want it.

Hasan

PS: Reply STOP and I won’t email again.","Absolutely — here’s the live demo for Glacier Glass Service Ltd.:
https://endvoicemail.ai/for-auto-glass?ref=glass-email-1&lead=9fcb86664b67&shop=Glacier+Glass+Service+Ltd.&city=Regina

It asks for your phone number, calls you once, and walks through a windshield-lead triage example. No setup needed."
batch-01,19,R K Auto Glass,Edmonton,AB,info@rkautoglass.ca,+1 780-461-0001,https://rkautoglass.ca/,https://rkautoglass.ca/,https://www.google.com/maps/search/?api=1&query=R%20K%20Auto%20Glass&query_place_id=ChIJv1E4yk8YoFMRjmnYYEDk6qA,,https://endvoicemail.ai/for-auto-glass?ref=glass-email-1&lead=1a0981ab5548&shop=R+K+Auto+Glass&city=Edmonton,quick auto-glass demo for R K Auto Glass,I built a missed-call demo for windshield shops. Want me to send it?,"Hi R K Auto Glass team,

I’m Hasan, founder of EndVoicemail.ai.

I’m building a simple missed-call backup for auto-glass shops. If someone calls about a windshield, chip repair, insurance job, or mobile service and the shop can’t answer, the AI picks up, asks the useful questions, and sends your team a clean callback summary.

A human still calls the customer back. The AI just keeps the lead from hitting voicemail and disappearing.

We’ve been testing this around auto-glass workflows in Saskatchewan, and the part people liked was simple: missed leads still came through with enough detail for a real callback.

Want me to send a 2-minute live demo for R K Auto Glass?

Just reply “demo” and I’ll send it over.

Hasan
EndVoicemail.ai

PS: If this is not useful, reply STOP and I won’t email again.",what the AI asks windshield callers,"Hi R K Auto Glass team,

Quick follow-up.

The demo is not a video or deck. It actually calls you and walks through the same type of intake your shop would need from a windshield lead:

- repair or replacement
- year / make / model
- chip, crack, or full windshield damage
- ADAS / lane-assist camera
- insurance or cash
- urgency and best callback time

The goal is not to replace your staff. It catches the calls they miss while they’re on another job, helping a customer, or closed for the day.

Want the R K Auto Glass demo link?

Hasan

PS: Reply STOP and I’ll take you off the list.",should I close this out?,"Hi R K Auto Glass team,

Last note from me.

If missed calls are not a real issue at your shop, no worries.

But if even a few windshield or chip repair calls go to voicemail each week, this might be worth seeing. The AI answers, gets the job details, and hands it back to a person for the real follow-up.

I can send the R K Auto Glass live demo link if you want it.

Hasan

PS: Reply STOP and I won’t email again.","Absolutely — here’s the live demo for R K Auto Glass:
https://endvoicemail.ai/for-auto-glass?ref=glass-email-1&lead=1a0981ab5548&shop=R+K+Auto+Glass&city=Edmonton

It asks for your phone number, calls you once, and walks through a windshield-lead triage example. No setup needed."
batch-01,20,Queen City Glass (1961) Ltd,Regina,SK,queencityglass@sasktel.net,+1 306-525-2345,https://www.queencityglass.ca/,https://www.queencityglass.ca/,https://www.google.com/maps/search/?api=1&query=Queen%20City%20Glass%20(1961)%20Ltd&query_place_id=ChIJY6kPCk0eHFMRoBoIUdc9xFQ,,https://endvoicemail.ai/for-auto-glass?ref=glass-email-1&lead=db1799b9bcb0&shop=Queen+City+Glass+%281961%29+Ltd&city=Regina,quick auto-glass demo for Queen City Glass (1961) Ltd,I built a missed-call demo for windshield shops. Want me to send it?,"Hi Queen City Glass (1961) Ltd team,

I’m Hasan, founder of EndVoicemail.ai.

I’m building a simple missed-call backup for auto-glass shops. If someone calls about a windshield, chip repair, insurance job, or mobile service and the shop can’t answer, the AI picks up, asks the useful questions, and sends your team a clean callback summary.

A human still calls the customer back. The AI just keeps the lead from hitting voicemail and disappearing.

We’ve been testing this around auto-glass workflows in Saskatchewan, and the part people liked was simple: missed leads still came through with enough detail for a real callback.

Want me to send a 2-minute live demo for Queen City Glass (1961) Ltd?

Just reply “demo” and I’ll send it over.

Hasan
EndVoicemail.ai

PS: If this is not useful, reply STOP and I won’t email again.",what the AI asks windshield callers,"Hi Queen City Glass (1961) Ltd team,

Quick follow-up.

The demo is not a video or deck. It actually calls you and walks through the same type of intake your shop would need from a windshield lead:

- repair or replacement
- year / make / model
- chip, crack, or full windshield damage
- ADAS / lane-assist camera
- insurance or cash
- urgency and best callback time

The goal is not to replace your staff. It catches the calls they miss while they’re on another job, helping a customer, or closed for the day.

Want the Queen City Glass (1961) Ltd demo link?

Hasan

PS: Reply STOP and I’ll take you off the list.",should I close this out?,"Hi Queen City Glass (1961) Ltd team,

Last note from me.

If missed calls are not a real issue at your shop, no worries.

But if even a few windshield or chip repair calls go to voicemail each week, this might be worth seeing. The AI answers, gets the job details, and hands it back to a person for the real follow-up.

I can send the Queen City Glass (1961) Ltd live demo link if you want it.

Hasan

PS: Reply STOP and I won’t email again.","Absolutely — here’s the live demo for Queen City Glass (1961) Ltd:
https://endvoicemail.ai/for-auto-glass?ref=glass-email-1&lead=db1799b9bcb0&shop=Queen+City+Glass+%281961%29+Ltd&city=Regina

It asks for your phone number, calls you once, and walks through a windshield-lead triage example. No setup needed."
batch-01,21,KINGS GLASS,Calgary,AB,info@kingsglass.com,+1 403-258-1798,http://www.kingsglass.ca/,http://www.kingsglass.ca/,https://www.google.com/maps/search/?api=1&query=KINGS%20GLASS&query_place_id=ChIJsRajl_lwcVMRrRBVeRwZNcQ,,https://endvoicemail.ai/for-auto-glass?ref=glass-email-1&lead=b2ec486fc40e&shop=KINGS+GLASS&city=Calgary,quick auto-glass demo for KINGS GLASS,I built a missed-call demo for windshield shops. Want me to send it?,"Hi KINGS GLASS team,

I’m Hasan, founder of EndVoicemail.ai.

I’m building a simple missed-call backup for auto-glass shops. If someone calls about a windshield, chip repair, insurance job, or mobile service and the shop can’t answer, the AI picks up, asks the useful questions, and sends your team a clean callback summary.

A human still calls the customer back. The AI just keeps the lead from hitting voicemail and disappearing.

We’ve been testing this around auto-glass workflows in Saskatchewan, and the part people liked was simple: missed leads still came through with enough detail for a real callback.

Want me to send a 2-minute live demo for KINGS GLASS?

Just reply “demo” and I’ll send it over.

Hasan
EndVoicemail.ai

PS: If this is not useful, reply STOP and I won’t email again.",what the AI asks windshield callers,"Hi KINGS GLASS team,

Quick follow-up.

The demo is not a video or deck. It actually calls you and walks through the same type of intake your shop would need from a windshield lead:

- repair or replacement
- year / make / model
- chip, crack, or full windshield damage
- ADAS / lane-assist camera
- insurance or cash
- urgency and best callback time

The goal is not to replace your staff. It catches the calls they miss while they’re on another job, helping a customer, or closed for the day.

Want the KINGS GLASS demo link?

Hasan

PS: Reply STOP and I’ll take you off the list.",should I close this out?,"Hi KINGS GLASS team,

Last note from me.

If missed calls are not a real issue at your shop, no worries.

But if even a few windshield or chip repair calls go to voicemail each week, this might be worth seeing. The AI answers, gets the job details, and hands it back to a person for the real follow-up.

I can send the KINGS GLASS live demo link if you want it.

Hasan

PS: Reply STOP and I won’t email again.","Absolutely — here’s the live demo for KINGS GLASS:
https://endvoicemail.ai/for-auto-glass?ref=glass-email-1&lead=b2ec486fc40e&shop=KINGS+GLASS&city=Calgary

It asks for your phone number, calls you once, and walks through a windshield-lead triage example. No setup needed."
batch-01,22,WIN Auto Glass & Solutions,Regina,SK,winautosalesltd@gmail.com,+1 306-201-7389,https://www.facebook.com/profile.php?id=61554235056954,https://www.facebook.com/profile.php?id=61554235056954,https://www.google.com/maps/search/?api=1&query=WIN%20Auto%20Glass%20%26%20Solutions&query_place_id=ChIJhwG9zccfHFMREkbJ5E0L7zU,,https://endvoicemail.ai/for-auto-glass?ref=glass-email-1&lead=e52a5ad8e376&shop=WIN+Auto+Glass+%26+Solutions&city=Regina,quick auto-glass demo for WIN Auto Glass & Solutions,I built a missed-call demo for windshield shops. Want me to send it?,"Hi WIN Auto Glass & Solutions team,

I’m Hasan, founder of EndVoicemail.ai.

I’m building a simple missed-call backup for auto-glass shops. If someone calls about a windshield, chip repair, insurance job, or mobile service and the shop can’t answer, the AI picks up, asks the useful questions, and sends your team a clean callback summary.

A human still calls the customer back. The AI just keeps the lead from hitting voicemail and disappearing.

We’ve been testing this around auto-glass workflows in Saskatchewan, and the part people liked was simple: missed leads still came through with enough detail for a real callback.

Want me to send a 2-minute live demo for WIN Auto Glass & Solutions?

Just reply “demo” and I’ll send it over.

Hasan
EndVoicemail.ai

PS: If this is not useful, reply STOP and I won’t email again.",what the AI asks windshield callers,"Hi WIN Auto Glass & Solutions team,

Quick follow-up.

The demo is not a video or deck. It actually calls you and walks through the same type of intake your shop would need from a windshield lead:

- repair or replacement
- year / make / model
- chip, crack, or full windshield damage
- ADAS / lane-assist camera
- insurance or cash
- urgency and best callback time

The goal is not to replace your staff. It catches the calls they miss while they’re on another job, helping a customer, or closed for the day.

Want the WIN Auto Glass & Solutions demo link?

Hasan

PS: Reply STOP and I’ll take you off the list.",should I close this out?,"Hi WIN Auto Glass & Solutions team,

Last note from me.

If missed calls are not a real issue at your shop, no worries.

But if even a few windshield or chip repair calls go to voicemail each week, this might be worth seeing. The AI answers, gets the job details, and hands it back to a person for the real follow-up.

I can send the WIN Auto Glass & Solutions live demo link if you want it.

Hasan

PS: Reply STOP and I won’t email again.","Absolutely — here’s the live demo for WIN Auto Glass & Solutions:
https://endvoicemail.ai/for-auto-glass?ref=glass-email-1&lead=e52a5ad8e376&shop=WIN+Auto+Glass+%26+Solutions&city=Regina

It asks for your phone number, calls you once, and walks through a windshield-lead triage example. No setup needed."
batch-01,23,Precious Auto Glass,Calgary,AB,info@preciousautoglass.ca,+1 403-376-1666,http://preciousautoglass.ca/,http://preciousautoglass.ca/,https://www.google.com/maps/search/?api=1&query=Precious%20Auto%20Glass&query_place_id=ChIJY6FoLV17cVMRAadEmMSqYGo,,https://endvoicemail.ai/for-auto-glass?ref=glass-email-1&lead=383d640b2025&shop=Precious+Auto+Glass&city=Calgary,quick auto-glass demo for Precious Auto Glass,I built a missed-call demo for windshield shops. Want me to send it?,"Hi Precious Auto Glass team,

I’m Hasan, founder of EndVoicemail.ai.

I’m building a simple missed-call backup for auto-glass shops. If someone calls about a windshield, chip repair, insurance job, or mobile service and the shop can’t answer, the AI picks up, asks the useful questions, and sends your team a clean callback summary.

A human still calls the customer back. The AI just keeps the lead from hitting voicemail and disappearing.

We’ve been testing this around auto-glass workflows in Saskatchewan, and the part people liked was simple: missed leads still came through with enough detail for a real callback.

Want me to send a 2-minute live demo for Precious Auto Glass?

Just reply “demo” and I’ll send it over.

Hasan
EndVoicemail.ai

PS: If this is not useful, reply STOP and I won’t email again.",what the AI asks windshield callers,"Hi Precious Auto Glass team,

Quick follow-up.

The demo is not a video or deck. It actually calls you and walks through the same type of intake your shop would need from a windshield lead:

- repair or replacement
- year / make / model
- chip, crack, or full windshield damage
- ADAS / lane-assist camera
- insurance or cash
- urgency and best callback time

The goal is not to replace your staff. It catches the calls they miss while they’re on another job, helping a customer, or closed for the day.

Want the Precious Auto Glass demo link?

Hasan

PS: Reply STOP and I’ll take you off the list.",should I close this out?,"Hi Precious Auto Glass team,

Last note from me.

If missed calls are not a real issue at your shop, no worries.

But if even a few windshield or chip repair calls go to voicemail each week, this might be worth seeing. The AI answers, gets the job details, and hands it back to a person for the real follow-up.

I can send the Precious Auto Glass live demo link if you want it.

Hasan

PS: Reply STOP and I won’t email again.","Absolutely — here’s the live demo for Precious Auto Glass:
https://endvoicemail.ai/for-auto-glass?ref=glass-email-1&lead=383d640b2025&shop=Precious+Auto+Glass&city=Calgary

It asks for your phone number, calls you once, and walks through a windshield-lead triage example. No setup needed."
batch-01,24,Advance Glass & Mirror Ltd,Regina,SK,advanceglass@sasktel.net,+1 306-949-3800,http://advanceglassmirror.com/,http://advanceglassmirror.com/,https://www.google.com/maps/search/?api=1&query=Advance%20Glass%20%26%20Mirror%20Ltd&query_place_id=ChIJ2UewZfceHFMRdlTPs-rG-yc,,https://endvoicemail.ai/for-auto-glass?ref=glass-email-1&lead=1991e0b85d91&shop=Advance+Glass+%26+Mirror+Ltd&city=Regina,quick auto-glass demo for Advance Glass & Mirror Ltd,I built a missed-call demo for windshield shops. Want me to send it?,"Hi Advance Glass & Mirror Ltd team,

I’m Hasan, founder of EndVoicemail.ai.

I’m building a simple missed-call backup for auto-glass shops. If someone calls about a windshield, chip repair, insurance job, or mobile service and the shop can’t answer, the AI picks up, asks the useful questions, and sends your team a clean callback summary.

A human still calls the customer back. The AI just keeps the lead from hitting voicemail and disappearing.

We’ve been testing this around auto-glass workflows in Saskatchewan, and the part people liked was simple: missed leads still came through with enough detail for a real callback.

Want me to send a 2-minute live demo for Advance Glass & Mirror Ltd?

Just reply “demo” and I’ll send it over.

Hasan
EndVoicemail.ai

PS: If this is not useful, reply STOP and I won’t email again.",what the AI asks windshield callers,"Hi Advance Glass & Mirror Ltd team,

Quick follow-up.

The demo is not a video or deck. It actually calls you and walks through the same type of intake your shop would need from a windshield lead:

- repair or replacement
- year / make / model
- chip, crack, or full windshield damage
- ADAS / lane-assist camera
- insurance or cash
- urgency and best callback time

The goal is not to replace your staff. It catches the calls they miss while they’re on another job, helping a customer, or closed for the day.

Want the Advance Glass & Mirror Ltd demo link?

Hasan

PS: Reply STOP and I’ll take you off the list.",should I close this out?,"Hi Advance Glass & Mirror Ltd team,

Last note from me.

If missed calls are not a real issue at your shop, no worries.

But if even a few windshield or chip repair calls go to voicemail each week, this might be worth seeing. The AI answers, gets the job details, and hands it back to a person for the real follow-up.

I can send the Advance Glass & Mirror Ltd live demo link if you want it.

Hasan

PS: Reply STOP and I won’t email again.","Absolutely — here’s the live demo for Advance Glass & Mirror Ltd:
https://endvoicemail.ai/for-auto-glass?ref=glass-email-1&lead=1991e0b85d91&shop=Advance+Glass+%26+Mirror+Ltd&city=Regina

It asks for your phone number, calls you once, and walks through a windshield-lead triage example. No setup needed."
batch-01,25,Fast Glass,Regina,SK,fastglass@sasktel.net,+1 306-352-3278,http://www.fastglassregina.com/,http://www.fastglassregina.com/,https://www.google.com/maps/search/?api=1&query=Fast%20Glass&query_place_id=ChIJDx2KA0IeHFMRvVNfmeL08IA,https://www.yellowpages.ca/bus/Saskatchewan/Regina/Fast-Glass/7527544.html?what=auto+glass&where=Regina+SK&useContext=true,https://endvoicemail.ai/for-auto-glass?ref=glass-email-1&lead=9cf084e358fd&shop=Fast+Glass&city=Regina,quick auto-glass demo for Fast Glass,I built a missed-call demo for windshield shops. Want me to send it?,"Hi Fast Glass team,

I’m Hasan, founder of EndVoicemail.ai.

I’m building a simple missed-call backup for auto-glass shops. If someone calls about a windshield, chip repair, insurance job, or mobile service and the shop can’t answer, the AI picks up, asks the useful questions, and sends your team a clean callback summary.

A human still calls the customer back. The AI just keeps the lead from hitting voicemail and disappearing.

We’ve been testing this around auto-glass workflows in Saskatchewan, and the part people liked was simple: missed leads still came through with enough detail for a real callback.

Want me to send a 2-minute live demo for Fast Glass?

Just reply “demo” and I’ll send it over.

Hasan
EndVoicemail.ai

PS: If this is not useful, reply STOP and I won’t email again.",what the AI asks windshield callers,"Hi Fast Glass team,

Quick follow-up.

The demo is not a video or deck. It actually calls you and walks through the same type of intake your shop would need from a windshield lead:

- repair or replacement
- year / make / model
- chip, crack, or full windshield damage
- ADAS / lane-assist camera
- insurance or cash
- urgency and best callback time

The goal is not to replace your staff. It catches the calls they miss while they’re on another job, helping a customer, or closed for the day.

Want the Fast Glass demo link?

Hasan

PS: Reply STOP and I’ll take you off the list.",should I close this out?,"Hi Fast Glass team,

Last note from me.

If missed calls are not a real issue at your shop, no worries.

But if even a few windshield or chip repair calls go to voicemail each week, this might be worth seeing. The AI answers, gets the job details, and hands it back to a person for the real follow-up.

I can send the Fast Glass live demo link if you want it.

Hasan

PS: Reply STOP and I won’t email again.","Absolutely — here’s the live demo for Fast Glass:
https://endvoicemail.ai/for-auto-glass?ref=glass-email-1&lead=9cf084e358fd&shop=Fast+Glass&city=Regina

It asks for your phone number, calls you once, and walks through a windshield-lead triage example. No setup needed."
batch-01,26,Hepting Glass Centre,Regina,SK,heptingglass@sasktel.net,+1 306-775-1770,http://hepting-glass.com/,http://hepting-glass.com/,https://www.google.com/maps/search/?api=1&query=Hepting%20Glass%20Centre&query_place_id=ChIJMzWvdPoeHFMROOINpy4kZ7U,,https://endvoicemail.ai/for-auto-glass?ref=glass-email-1&lead=06648c64837d&shop=Hepting+Glass+Centre&city=Regina,quick auto-glass demo for Hepting Glass Centre,I built a missed-call demo for windshield shops. Want me to send it?,"Hi Hepting Glass Centre team,

I’m Hasan, founder of EndVoicemail.ai.

I’m building a simple missed-call backup for auto-glass shops. If someone calls about a windshield, chip repair, insurance job, or mobile service and the shop can’t answer, the AI picks up, asks the useful questions, and sends your team a clean callback summary.

A human still calls the customer back. The AI just keeps the lead from hitting voicemail and disappearing.

We’ve been testing this around auto-glass workflows in Saskatchewan, and the part people liked was simple: missed leads still came through with enough detail for a real callback.

Want me to send a 2-minute live demo for Hepting Glass Centre?

Just reply “demo” and I’ll send it over.

Hasan
EndVoicemail.ai

PS: If this is not useful, reply STOP and I won’t email again.",what the AI asks windshield callers,"Hi Hepting Glass Centre team,

Quick follow-up.

The demo is not a video or deck. It actually calls you and walks through the same type of intake your shop would need from a windshield lead:

- repair or replacement
- year / make / model
- chip, crack, or full windshield damage
- ADAS / lane-assist camera
- insurance or cash
- urgency and best callback time

The goal is not to replace your staff. It catches the calls they miss while they’re on another job, helping a customer, or closed for the day.

Want the Hepting Glass Centre demo link?

Hasan

PS: Reply STOP and I’ll take you off the list.",should I close this out?,"Hi Hepting Glass Centre team,

Last note from me.

If missed calls are not a real issue at your shop, no worries.

But if even a few windshield or chip repair calls go to voicemail each week, this might be worth seeing. The AI answers, gets the job details, and hands it back to a person for the real follow-up.

I can send the Hepting Glass Centre live demo link if you want it.

Hasan

PS: Reply STOP and I won’t email again.","Absolutely — here’s the live demo for Hepting Glass Centre:
https://endvoicemail.ai/for-auto-glass?ref=glass-email-1&lead=06648c64837d&shop=Hepting+Glass+Centre&city=Regina

It asks for your phone number, calls you once, and walks through a windshield-lead triage example. No setup needed."
batch-01,27,5 STAR AUTO GLASS,Calgary,AB,info@5starautoglass.ca,+1 403-457-4446,https://5starautoglass.ca/?utm_source=organic&utm_medium=gbp&utm_campaign=gbp-link,https://5starautoglass.ca/?utm_source=organic&utm_medium=gbp&utm_campaign=gbp-link,https://www.google.com/maps/search/?api=1&query=5%20STAR%20AUTO%20GLASS&query_place_id=ChIJgXiqZUNwcVMRYo3WDEtAnwo,,https://endvoicemail.ai/for-auto-glass?ref=glass-email-1&lead=72d21c9d388e&shop=5+STAR+AUTO+GLASS&city=Calgary,quick auto-glass demo for 5 STAR AUTO GLASS,I built a missed-call demo for windshield shops. Want me to send it?,"Hi 5 STAR AUTO GLASS team,

I’m Hasan, founder of EndVoicemail.ai.

I’m building a simple missed-call backup for auto-glass shops. If someone calls about a windshield, chip repair, insurance job, or mobile service and the shop can’t answer, the AI picks up, asks the useful questions, and sends your team a clean callback summary.

A human still calls the customer back. The AI just keeps the lead from hitting voicemail and disappearing.

We’ve been testing this around auto-glass workflows in Saskatchewan, and the part people liked was simple: missed leads still came through with enough detail for a real callback.

Want me to send a 2-minute live demo for 5 STAR AUTO GLASS?

Just reply “demo” and I’ll send it over.

Hasan
EndVoicemail.ai

PS: If this is not useful, reply STOP and I won’t email again.",what the AI asks windshield callers,"Hi 5 STAR AUTO GLASS team,

Quick follow-up.

The demo is not a video or deck. It actually calls you and walks through the same type of intake your shop would need from a windshield lead:

- repair or replacement
- year / make / model
- chip, crack, or full windshield damage
- ADAS / lane-assist camera
- insurance or cash
- urgency and best callback time

The goal is not to replace your staff. It catches the calls they miss while they’re on another job, helping a customer, or closed for the day.

Want the 5 STAR AUTO GLASS demo link?

Hasan

PS: Reply STOP and I’ll take you off the list.",should I close this out?,"Hi 5 STAR AUTO GLASS team,

Last note from me.

If missed calls are not a real issue at your shop, no worries.

But if even a few windshield or chip repair calls go to voicemail each week, this might be worth seeing. The AI answers, gets the job details, and hands it back to a person for the real follow-up.

I can send the 5 STAR AUTO GLASS live demo link if you want it.

Hasan

PS: Reply STOP and I won’t email again.","Absolutely — here’s the live demo for 5 STAR AUTO GLASS:
https://endvoicemail.ai/for-auto-glass?ref=glass-email-1&lead=72d21c9d388e&shop=5+STAR+AUTO+GLASS&city=Calgary

It asks for your phone number, calls you once, and walks through a windshield-lead triage example. No setup needed."
batch-01,28,Dynasty Auto Glass,Calgary,AB,info@dynasty-autoglass.com,+1 403-250-5000,https://www.dynasty-autoglass.com/,https://www.dynasty-autoglass.com/,https://www.google.com/maps/search/?api=1&query=Dynasty%20Auto%20Glass&query_place_id=ChIJR4PTEgtlcVMRFA7huP44VyU,https://www.yellowpages.ca/bus/Alberta/Dynasty-Auto-Glass-Inc/538721.html?what=auto+glass&where=Calgary+AB&useContext=true,https://endvoicemail.ai/for-auto-glass?ref=glass-email-1&lead=913af10a825d&shop=Dynasty+Auto+Glass&city=Calgary,quick auto-glass demo for Dynasty Auto Glass,I built a missed-call demo for windshield shops. Want me to send it?,"Hi Dynasty Auto Glass team,

I’m Hasan, founder of EndVoicemail.ai.

I’m building a simple missed-call backup for auto-glass shops. If someone calls about a windshield, chip repair, insurance job, or mobile service and the shop can’t answer, the AI picks up, asks the useful questions, and sends your team a clean callback summary.

A human still calls the customer back. The AI just keeps the lead from hitting voicemail and disappearing.

We’ve been testing this around auto-glass workflows in Saskatchewan, and the part people liked was simple: missed leads still came through with enough detail for a real callback.

Want me to send a 2-minute live demo for Dynasty Auto Glass?

Just reply “demo” and I’ll send it over.

Hasan
EndVoicemail.ai

PS: If this is not useful, reply STOP and I won’t email again.",what the AI asks windshield callers,"Hi Dynasty Auto Glass team,

Quick follow-up.

The demo is not a video or deck. It actually calls you and walks through the same type of intake your shop would need from a windshield lead:

- repair or replacement
- year / make / model
- chip, crack, or full windshield damage
- ADAS / lane-assist camera
- insurance or cash
- urgency and best callback time

The goal is not to replace your staff. It catches the calls they miss while they’re on another job, helping a customer, or closed for the day.

Want the Dynasty Auto Glass demo link?

Hasan

PS: Reply STOP and I’ll take you off the list.",should I close this out?,"Hi Dynasty Auto Glass team,

Last note from me.

If missed calls are not a real issue at your shop, no worries.

But if even a few windshield or chip repair calls go to voicemail each week, this might be worth seeing. The AI answers, gets the job details, and hands it back to a person for the real follow-up.

I can send the Dynasty Auto Glass live demo link if you want it.

Hasan

PS: Reply STOP and I won’t email again.","Absolutely — here’s the live demo for Dynasty Auto Glass:
https://endvoicemail.ai/for-auto-glass?ref=glass-email-1&lead=913af10a825d&shop=Dynasty+Auto+Glass&city=Calgary

It asks for your phone number, calls you once, and walks through a windshield-lead triage example. No setup needed."
batch-01,29,Mobile 24/7 Long Crack Nasty Chip Repair,Edmonton,AB,crackchiprepair@gmail.com,+1 780-217-6796,https://crackchiprepair.com/,https://crackchiprepair.com/,https://www.google.com/maps/search/?api=1&query=Mobile%2024%2F7%20Long%20Crack%20Nasty%20Chip%20Repair&query_place_id=ChIJnfuiLEGQCYoRHNrv4YLLpfQ,https://www.yellowpages.ca/bus/Alberta/Sherwood-Park/Mobile-24-7-Long-Crack-Nasty-Chip-Repair/104831371.html?what=auto+glass&where=Edmonton+AB&useContext=true,https://endvoicemail.ai/for-auto-glass?ref=glass-email-1&lead=293e1bd3aa61&shop=Mobile+24%2F7+Long+Crack+Nasty+Chip+Repair&city=Edmonton,quick auto-glass demo for Mobile 24/7 Long Crack Nasty Chip Repair,I built a missed-call demo for windshield shops. Want me to send it?,"Hi Mobile 24/7 Long Crack Nasty Chip Repair team,

I’m Hasan, founder of EndVoicemail.ai.

I’m building a simple missed-call backup for auto-glass shops. If someone calls about a windshield, chip repair, insurance job, or mobile service and the shop can’t answer, the AI picks up, asks the useful questions, and sends your team a clean callback summary.

A human still calls the customer back. The AI just keeps the lead from hitting voicemail and disappearing.

We’ve been testing this around auto-glass workflows in Saskatchewan, and the part people liked was simple: missed leads still came through with enough detail for a real callback.

Want me to send a 2-minute live demo for Mobile 24/7 Long Crack Nasty Chip Repair?

Just reply “demo” and I’ll send it over.

Hasan
EndVoicemail.ai

PS: If this is not useful, reply STOP and I won’t email again.",what the AI asks windshield callers,"Hi Mobile 24/7 Long Crack Nasty Chip Repair team,

Quick follow-up.

The demo is not a video or deck. It actually calls you and walks through the same type of intake your shop would need from a windshield lead:

- repair or replacement
- year / make / model
- chip, crack, or full windshield damage
- ADAS / lane-assist camera
- insurance or cash
- urgency and best callback time

The goal is not to replace your staff. It catches the calls they miss while they’re on another job, helping a customer, or closed for the day.

Want the Mobile 24/7 Long Crack Nasty Chip Repair demo link?

Hasan

PS: Reply STOP and I’ll take you off the list.",should I close this out?,"Hi Mobile 24/7 Long Crack Nasty Chip Repair team,

Last note from me.

If missed calls are not a real issue at your shop, no worries.

But if even a few windshield or chip repair calls go to voicemail each week, this might be worth seeing. The AI answers, gets the job details, and hands it back to a person for the real follow-up.

I can send the Mobile 24/7 Long Crack Nasty Chip Repair live demo link if you want it.

Hasan

PS: Reply STOP and I won’t email again.","Absolutely — here’s the live demo for Mobile 24/7 Long Crack Nasty Chip Repair:
https://endvoicemail.ai/for-auto-glass?ref=glass-email-1&lead=293e1bd3aa61&shop=Mobile+24%2F7+Long+Crack+Nasty+Chip+Repair&city=Edmonton

It asks for your phone number, calls you once, and walks through a windshield-lead triage example. No setup needed."
batch-01,30,REGINA CHIP REPAIR,Regina,SK,northgate@reginachiprepair.ca,+1 306-216-7545,http://reginachiprepair.ca/,http://reginachiprepair.ca/,https://www.google.com/maps/search/?api=1&query=REGINA%20CHIP%20REPAIR&query_place_id=ChIJY9zr-OsfHFMRHqCVpJIxqvY,,https://endvoicemail.ai/for-auto-glass?ref=glass-email-1&lead=7c6b68fcaf0e&shop=REGINA+CHIP+REPAIR&city=Regina,quick auto-glass demo for REGINA CHIP REPAIR,I built a missed-call demo for windshield shops. Want me to send it?,"Hi REGINA CHIP REPAIR team,

I’m Hasan, founder of EndVoicemail.ai.

I’m building a simple missed-call backup for auto-glass shops. If someone calls about a windshield, chip repair, insurance job, or mobile service and the shop can’t answer, the AI picks up, asks the useful questions, and sends your team a clean callback summary.

A human still calls the customer back. The AI just keeps the lead from hitting voicemail and disappearing.

We’ve been testing this around auto-glass workflows in Saskatchewan, and the part people liked was simple: missed leads still came through with enough detail for a real callback.

Want me to send a 2-minute live demo for REGINA CHIP REPAIR?

Just reply “demo” and I’ll send it over.

Hasan
EndVoicemail.ai

PS: If this is not useful, reply STOP and I won’t email again.",what the AI asks windshield callers,"Hi REGINA CHIP REPAIR team,

Quick follow-up.

The demo is not a video or deck. It actually calls you and walks through the same type of intake your shop would need from a windshield lead:

- repair or replacement
- year / make / model
- chip, crack, or full windshield damage
- ADAS / lane-assist camera
- insurance or cash
- urgency and best callback time

The goal is not to replace your staff. It catches the calls they miss while they’re on another job, helping a customer, or closed for the day.

Want the REGINA CHIP REPAIR demo link?

Hasan

PS: Reply STOP and I’ll take you off the list.",should I close this out?,"Hi REGINA CHIP REPAIR team,

Last note from me.

If missed calls are not a real issue at your shop, no worries.

But if even a few windshield or chip repair calls go to voicemail each week, this might be worth seeing. The AI answers, gets the job details, and hands it back to a person for the real follow-up.

I can send the REGINA CHIP REPAIR live demo link if you want it.

Hasan

PS: Reply STOP and I won’t email again.","Absolutely — here’s the live demo for REGINA CHIP REPAIR:
https://endvoicemail.ai/for-auto-glass?ref=glass-email-1&lead=7c6b68fcaf0e&shop=REGINA+CHIP+REPAIR&city=Regina

It asks for your phone number, calls you once, and walks through a windshield-lead triage example. No setup needed."
